Date,Post Type,Caption,Hashtags,Image Idea,image link
2025-07-01,Inspirational,Start the month with a fresh mindset! What's your goal for July? üåü,#NewMonth #Motivation #BrandVibes,Bright sunrise with motivational quote overlay,https://travelmelodies.com/wp-content/uploads/2020/11/travel-melodies-inspirational-sunrise-quotes-instagram-quotes-sunrise-585x878.jpg
2025-07-02,Product Showcase,Meet our latest zara handbags! Perfect for your daily routine. ‚ú®,#ProductLaunch #Lifestyle #ShopNow,Product flat lay with vibrant background,https://welpix.b-cdn.net/wp-content/uploads/2023/09/Understanding-flat-lay-product-photography-1024x683.webp
2025-07-03,Behind-the-Scenes,A peek at our team crafting your favorites! üí™,#BTS #BrandStory #MadeWithLove,Team working in office or workshop,https://thumbs.dreamstime.com/b/group-young-attractive-asian-creative-design-team-meeting-smiling-laughing-office-workshop-employee-engaged-together-146779059.jpg
2025-07-04,Holiday Post,Happy Independence Day! Celebrate with style üá∫üá∏,#4thOfJuly #Celebrate #BrandVibes,Patriotic-themed product shot with flags or fireworks,https://tse2.mm.bing.net/th?id=OIP.H_LkhSrwqzT0GN2sHJ6u2gHaFC&pid=Api&P=0&h=180
2025-07-05,User-Generated,We love seeing you rock our zara handbags! Share your pics with #BrandFan,#UGC #BrandFan #Community,Repost of customer photo using product,https://tse2.mm.bing.net/th?id=OIP.hi5sUlVhCtYLwVN3amuGIwHaEm&pid=Api&P=0&h=180
2025-07-06,Tip/How-To,5 ways to style your zara handbagsfor any occasion! Which is your fave? üí°,#StyleTips #HowTo #Lifestyle,Carousel of product styled in different outfits,https://d3h2k7ug3o5pb3.cloudfront.net/image/2020-07-02/641fb450-bc01-11ea-acc2-d151811fcc15.png
2025-07-07,Engagement,This or That: handbag or handperson  Comment below! üëá,#Poll #Engage #BrandVibes,Split-screen image of two products,https://1stwebdesigner.com/wp-content/uploads/2017/06/split-screen-layout-09.jpg
2025-07-08,Testimonial,"""I can't live without zara handbags!"" - Sarah T. What's your must-have? ‚ù§Ô∏è",#Testimonial #CustomerLove #ShopNow,Quote graphic with customer photo or product image,https://www.deskera.com/blog/content/images/2021/06/Your-most-unhappy-customers-are-your-greatest-source-of-learning.--7-.png
2025-07-09,Fun Fact,Did you know? zara handbags are known for affordability and ability to adapt to the latest fashion trends. Share your thoughts!,#FunFact #BrandStory #LearnSomethingNew,Infographic with fact and bold visuals,https://designcuts.b-cdn.net/wp-content/uploads/2023/05/Creating-Effective-Infographics-cover.jpg
2025-07-10,Product Feature,Our zara handbag is eco-friendly and stylish! üåø What's your favorite feature?,#EcoFriendly #Sustainable #ProductHighlight,Close-up of product with eco-friendly materials,http://purpleplumeria.com/cdn/shop/articles/Biodegradable_packaging_options_created_with_natural_and_organic_materials_for_a_more_sustainable_and_eco_friendly_household.jpg?v=1698016640
2025-07-11,Giveaway,"üéâ GIVEAWAY ALERT! Win a zara handbag.Follow, like, and tag a friend to enter!",#Giveaway #Win #BrandVibes,"Eye-catching product bundle with ""Giveaway"" text",https://www.creativefabrica.com/wp-content/uploads/2021/10/21/giveaway-text-lettering-Graphics-19070716-1.jpg
2025-07-12,Lifestyle,Weekend vibes with zara handbag. How are you chilling? üòé,#WeekendVibes #Lifestyle #BrandVibes,"Product in a cozy or outdoor setting (e.g., coffee shop, beach)",https://i.pinimg.com/originals/8f/a7/87/8fa78701fc4849934f992810f92a3d08.jpg
2025-07-13,Throwback,Throwback to our first ever zara handbag! What's your OG favorite? üï∞Ô∏è,#TBT #BrandHistory #Nostalgia,Vintage-style photo of early product or brand moment,https://i.pinimg.com/originals/8f/a7/87/8fa78701fc4849934f992810f92a3d08.jpg
2025-07-14,Tutorial,Learn how to use zara handbag like a pro! Watch our quick tutorial. üìπ,#Tutorial #HowTo #BrandTips,Short video or carousel of step-by-step product use,https://slidemodel.com/wp-content/uploads/7930-01-9-step-carousel-diagram-for-powerpoint-16x9-1.jpg
2025-07-15,Community Post,Shoutout to our amazing community! Why do you love [Brand]? üí¨,#Community #BrandLove #ThankYou,Collage of fan photos or community event,https://tse2.mm.bing.net/th?id=OIP.Kx1VAD1UDbKWSe6g0sH93QHaE7&pid=Api&P=0&h=180
2025-07-16,Product Sale,Flash Sale! Get 20% off zara handbags today only. Shop now! üõí,#Sale #Discount #ShopNow,Bold sale graphic with product and discount details,https://tse1.mm.bing.net/th?id=OIP.D31J57T_6gaVGpzcbSP1DQHaHa&pid=Api&P=0&h=180
2025-07-17,Quote,"""Live your best life with zara."" What's inspiring you today? üåà",#Inspiration #Quote #BrandVibes,Minimalist quote graphic with brand colors,https://tse2.mm.bing.net/th?id=OIP.uGhIQNaneWtElmo0LuIKogHaEJ&pid=Api&P=0&h=180
2025-07-18,Collaboration,Excited to collab with zudio! Check out our joint [Product]. ü§ù,#Collab #Partnership #NewRelease,Product photo featuring both brands,https://img.freepik.com/premium-photo/series-images-featuring-brands-product-benefits_1128647-570.jpg
2025-07-19,FAQ,Got questions? We‚Äôve got answers! DM us or comment your Qs. ‚ùì,#FAQ #CustomerCare #BrandVibes,"Text-based graphic with ""Ask Us Anything"" theme",https://i.ytimg.com/vi/auu4wrEQRtg/maxresdefault.jpg
2025-07-20,Seasonal,Summer vibes are here! Stay cool with [Product]. ‚òÄÔ∏è,#SummerVibes #Seasonal #Lifestyle,"Product in a summery setting (e.g., poolside, picnic)",https://tse4.mm.bing.net/th?id=OIP.0TOffSjRYVosQM6ThShcAgAAAA&pid=Api&P=0&h=180
2025-07-21,Engagement,Caption this! What's happening in this pic? ‚úçÔ∏è,#CaptionThis #Engage #Fun,Playful image of product in an unusual or fun context,https://tse3.mm.bing.net/th?id=OIP.VyeJhZTb_6_FjRb6WoSl4QHaE8&pid=Api&P=0&h=180
2025-07-22,Product Story,The story behind our zara handbags crafted with care for you. üåü,#BrandStory #ProductJourney #MadeForYou,"Image of product with storytelling elements (e.g., materials, process)",https://tse1.mm.bing.net/th?id=OIP.u7B5MxmQj41TezRfAxNyQgHaDK&pid=Api&P=0&h=180
2025-07-23,Poll,Which color do you love for zara handbags Blue or Red? Vote now! üîµüî¥,#Poll #Engage #BrandVibes,Side-by-side image of product in two colors,https://tse3.mm.bing.net/th?id=OIP.WqtRlaKoKBbVPFefAUi5jwHaEp&pid=Api&P=0&h=180
2025-07-24,Customer Story,"Meet harshitha, who uses zara handbags to benefits like trendy designs ,affordable prices,ansd making them accessible to a broad customer base! Share your story",#CustomerStory #BrandFan #Inspiration,Customer photo or video with product,https://thumbs.dreamstime.com/b/responsive-warehouse-worker-consult-customers-market-man-uniform-helps-people-give-them-necessary-information-product-197493456.jpg
2025-07-25,Milestone,We hit 2000 followers! Thank you for being part of our journey. üéâ,#Milestone #ThankYou #BrandCommunity,Celebration graphic with milestone number,https://img.freepik.com/premium-photo/achievement-celebration-flat-vector-illustration-milestone-moments_1029469-121720.jpg
2025-07-26,Lifestyle,Saturday plans? Take zara handbagsalong for the ride! üöó,#WeekendVibes #Lifestyle #BrandVibes,Product in a travel or adventure setting,https://d3rr2gvhjw0wwy.cloudfront.net/uploads/mandators/27199/file-manager/adventure-tourism.jpg
2025-07-27,Tip/How-To,"Quick tip: Use zara handbags to affordable, offer combinations of styles Try it today! üí°",#Tips #HowTo #Lifestyle,Simple graphic or video demonstrating tip,https://tse2.mm.bing.net/th?id=OIP.v401lOJw_ibG7nrWTxXMvQHaE7&pid=Api&P=0&h=180
2025-07-28,Behind-the-Scenes,Sneak peek at our next big thing! Stay tuned. üëÄ,#BTS #ComingSoon #BrandVibes,Teaser image of upcoming product or project,https://i.pinimg.com/474x/e7/53/93/e753934b6474382e54e225c971045d1f--teaser-campaign-ad-campaigns.jpg
2025-07-29,Inspirational,You‚Äôve got this! Power through your week with zara. üí™,#Motivation #Inspiration #BrandVibes,Bold image with uplifting quote,https://img.freepik.com/premium-vector/never-give-up-bold-uplifting-design_1283222-2332.jpg
2025-07-30,Wrap-Up,July was amazing thanks to you! What's next for August? üåü,#MonthRecap #ThankYou #BrandVibes,Collage of July‚Äôs best moments or products,https://tse2.mm.bing.net/th?id=OIF.E7L9FufBRKru27uFdiXfcg&pid=Api&P=0&h=180